selection,book_id,pdf_page_number,width,height,page_bytes,thumbnail_bytes
dev,archer-armstrong-vol-1-the-michelangelo-code,7,997,1532,264300,19530
dev,archer-armstrong-vol-1-the-michelangelo-code,10,997,1533,284098,21684
dev,archer-armstrong-vol-1-the-michelangelo-code,17,997,1533,276432,21088
dev,archer-armstrong-vol-1-the-michelangelo-code,33,997,1533,240144,18824
dev,archer-armstrong-vol-1-the-michelangelo-code,49,997,1533,240530,18270
dev,archer-armstrong-vol-1-the-michelangelo-code,67,997,1533,273156,22604
dev,harbinger-vol-1-omega-rising,11,997,1533,369206,26870
dev,harbinger-vol-1-omega-rising,23,997,1533,250894,21834
dev,harbinger-vol-1-omega-rising,34,1999,3056,645882,21890
dev,harbinger-vol-1-omega-rising,44,997,1533,230426,17518
dev,harbinger-vol-1-omega-rising,58,997,1533,286742,23742
dev,harbinger-vol-1-omega-rising,141,1993,1533,628650,30454
dev,quantum-and-woody-vol-1-the-worlds-worst-superhero-team,10,997,1533,287686,22868
dev,quantum-and-woody-vol-1-the-worlds-worst-superhero-team,12,997,1533,287526,22830
dev,quantum-and-woody-vol-1-the-worlds-worst-superhero-team,20,997,1533,293494,23658
dev,quantum-and-woody-vol-1-the-worlds-worst-superhero-team,29,997,1533,314572,23256
dev,quantum-and-woody-vol-1-the-worlds-worst-superhero-team,31,997,1533,254032,19538
dev,quantum-and-woody-vol-1-the-worlds-worst-superhero-team,37,997,1533,401514,29268
all,archer-armstrong-vol-1-the-michelangelo-code,1,1999,3056,720122,23350
all,archer-armstrong-vol-1-the-michelangelo-code,2,1999,3056,69298,3982
all,archer-armstrong-vol-1-the-michelangelo-code,3,1999,3056,277254,6740
all,archer-armstrong-vol-1-the-michelangelo-code,4,1999,3056,256684,6082
all,archer-armstrong-vol-1-the-michelangelo-code,5,1999,3056,404132,8830
all,archer-armstrong-vol-1-the-michelangelo-code,6,1065,1633,307692,24814
all,archer-armstrong-vol-1-the-michelangelo-code,7,997,1532,264300,19530
all,archer-armstrong-vol-1-the-michelangelo-code,8,997,1532,255324,20324
all,archer-armstrong-vol-1-the-michelangelo-code,9,997,1533,241462,18856
all,archer-armstrong-vol-1-the-michelangelo-code,10,997,1533,284098,21684
all,archer-armstrong-vol-1-the-michelangelo-code,11,997,1533,189178,14762
all,archer-armstrong-vol-1-the-michelangelo-code,12,997,1533,390334,26268
all,archer-armstrong-vol-1-the-michelangelo-code,13,997,1533,247862,18982
all,archer-armstrong-vol-1-the-michelangelo-code,14,997,1533,249566,20628
all,archer-armstrong-vol-1-the-michelangelo-code,15,997,1533,270332,20666
all,archer-armstrong-vol-1-the-michelangelo-code,16,997,1533,329484,24954
all,archer-armstrong-vol-1-the-michelangelo-code,17,997,1533,276432,21088
all,archer-armstrong-vol-1-the-michelangelo-code,18,997,1533,318562,24588
all,archer-armstrong-vol-1-the-michelangelo-code,19,997,1533,284426,21224
all,archer-armstrong-vol-1-the-michelangelo-code,20,997,1533,420706,28524
all,archer-armstrong-vol-1-the-michelangelo-code,21,998,1534,330318,24684
all,archer-armstrong-vol-1-the-michelangelo-code,22,998,1534,314640,23696
all,archer-armstrong-vol-1-the-michelangelo-code,23,998,1534,303832,22850
all,archer-armstrong-vol-1-the-michelangelo-code,24,998,1534,288696,20358
all,archer-armstrong-vol-1-the-michelangelo-code,25,998,1534,315250,22444
all,archer-armstrong-vol-1-the-michelangelo-code,26,998,1534,276754,19402
all,archer-armstrong-vol-1-the-michelangelo-code,27,997,1533,267226,19552
all,archer-armstrong-vol-1-the-michelangelo-code,28,997,1533,308856,22430
all,archer-armstrong-vol-1-the-michelangelo-code,29,997,1533,283710,20384
all,archer-armstrong-vol-1-the-michelangelo-code,30,997,1533,248488,22548
all,archer-armstrong-vol-1-the-michelangelo-code,31,997,1533,303278,22820
all,archer-armstrong-vol-1-the-michelangelo-code,32,997,1533,273800,21902
all,archer-armstrong-vol-1-the-michelangelo-code,33,997,1533,240144,18824
all,archer-armstrong-vol-1-the-michelangelo-code,34,997,1533,247444,20892
all,archer-armstrong-vol-1-the-michelangelo-code,35,997,1533,302632,22832
all,archer-armstrong-vol-1-the-michelangelo-code,36,997,1533,277802,20480
all,archer-armstrong-vol-1-the-michelangelo-code,37,997,1533,236734,18386
all,archer-armstrong-vol-1-the-michelangelo-code,38,997,1533,232232,16856
all,archer-armstrong-vol-1-the-michelangelo-code,39,997,1533,189084,13676
all,archer-armstrong-vol-1-the-michelangelo-code,40,997,1533,261990,18886
all,archer-armstrong-vol-1-the-michelangelo-code,41,997,1533,297822,21416
all,archer-armstrong-vol-1-the-michelangelo-code,42,997,1533,292754,21842
all,archer-armstrong-vol-1-the-michelangelo-code,43,997,1533,310078,22282
all,archer-armstrong-vol-1-the-michelangelo-code,44,997,1533,293634,19768
all,archer-armstrong-vol-1-the-michelangelo-code,45,997,1533,300584,22598
all,archer-armstrong-vol-1-the-michelangelo-code,46,997,1533,305072,21084
all,archer-armstrong-vol-1-the-michelangelo-code,47,997,1533,251840,19632
all,archer-armstrong-vol-1-the-michelangelo-code,48,997,1533,372550,25712
all,archer-armstrong-vol-1-the-michelangelo-code,49,997,1533,240530,18270
all,archer-armstrong-vol-1-the-michelangelo-code,50,997,1533,220522,16342
all,archer-armstrong-vol-1-the-michelangelo-code,51,997,1533,245560,19134
all,archer-armstrong-vol-1-the-michelangelo-code,52,997,1533,312990,22276
all,archer-armstrong-vol-1-the-michelangelo-code,53,997,1533,335694,28484
all,archer-armstrong-vol-1-the-michelangelo-code,54,997,1533,258926,20858
all,archer-armstrong-vol-1-the-michelangelo-code,55,997,1533,251766,18368
all,archer-armstrong-vol-1-the-michelangelo-code,56,997,1533,336370,24290
all,archer-armstrong-vol-1-the-michelangelo-code,57,997,1533,289286,22116
all,archer-armstrong-vol-1-the-michelangelo-code,58,997,1533,305634,21868
all,archer-armstrong-vol-1-the-michelangelo-code,59,997,1533,263710,19358
all,archer-armstrong-vol-1-the-michelangelo-code,60,997,1533,218398,17034
all,archer-armstrong-vol-1-the-michelangelo-code,61,997,1533,299370,22270
all,archer-armstrong-vol-1-the-michelangelo-code,62,997,1533,286426,21536
all,archer-armstrong-vol-1-the-michelangelo-code,63,997,1533,278540,19142
all,archer-armstrong-vol-1-the-michelangelo-code,64,997,1533,196742,15024
all,archer-armstrong-vol-1-the-michelangelo-code,65,997,1533,328172,22234
all,archer-armstrong-vol-1-the-michelangelo-code,66,997,1533,284384,22806
all,archer-armstrong-vol-1-the-michelangelo-code,67,997,1533,273156,22604
all,archer-armstrong-vol-1-the-michelangelo-code,68,997,1533,276870,22656
all,archer-armstrong-vol-1-the-michelangelo-code,69,997,1533,202396,16220
all,archer-armstrong-vol-1-the-michelangelo-code,70,997,1533,262570,20062
all,archer-armstrong-vol-1-the-michelangelo-code,71,997,1533,302886,22752
all,archer-armstrong-vol-1-the-michelangelo-code,72,997,1533,351286,24998
all,archer-armstrong-vol-1-the-michelangelo-code,73,997,1533,233490,19518
all,archer-armstrong-vol-1-the-michelangelo-code,74,997,1533,325866,22936
all,archer-armstrong-vol-1-the-michelangelo-code,75,997,1533,380054,26252
all,archer-armstrong-vol-1-the-michelangelo-code,76,997,1533,324128,26920
all,archer-armstrong-vol-1-the-michelangelo-code,77,997,1533,294710,21236
all,archer-armstrong-vol-1-the-michelangelo-code,78,997,1533,358674,24150
all,archer-armstrong-vol-1-the-michelangelo-code,79,997,1533,333886,24948
all,archer-armstrong-vol-1-the-michelangelo-code,80,997,1533,223182,18458
all,archer-armstrong-vol-1-the-michelangelo-code,81,997,1533,253858,19382
all,archer-armstrong-vol-1-the-michelangelo-code,82,997,1533,241282,18896
all,archer-armstrong-vol-1-the-michelangelo-code,83,997,1533,248996,20532
all,archer-armstrong-vol-1-the-michelangelo-code,84,997,1533,313932,23164
all,archer-armstrong-vol-1-the-michelangelo-code,85,997,1533,353592,25574
all,archer-armstrong-vol-1-the-michelangelo-code,86,997,1533,318266,24268
all,archer-armstrong-vol-1-the-michelangelo-code,87,997,1533,313352,23504
all,archer-armstrong-vol-1-the-michelangelo-code,88,997,1533,318666,25196
all,archer-armstrong-vol-1-the-michelangelo-code,89,997,1533,333534,25726
all,archer-armstrong-vol-1-the-michelangelo-code,90,997,1533,327536,25206
all,archer-armstrong-vol-1-the-michelangelo-code,91,997,1533,348106,26758
all,archer-armstrong-vol-1-the-michelangelo-code,92,997,1533,286330,22334
all,archer-armstrong-vol-1-the-michelangelo-code,93,997,1533,240638,19496
all,archer-armstrong-vol-1-the-michelangelo-code,94,997,1533,235376,18208
all,archer-armstrong-vol-1-the-michelangelo-code,95,997,1533,224668,19472
all,archer-armstrong-vol-1-the-michelangelo-code,96,997,1533,277966,21232
all,archer-armstrong-vol-1-the-michelangelo-code,97,997,1533,238256,17948
all,archer-armstrong-vol-1-the-michelangelo-code,98,997,1533,176454,11684
all,archer-armstrong-vol-1-the-michelangelo-code,99,1999,3056,424858,18718
all,archer-armstrong-vol-1-the-michelangelo-code,100,1999,3056,1040254,25594
all,archer-armstrong-vol-1-the-michelangelo-code,101,1999,3056,625984,15682
all,archer-armstrong-vol-1-the-michelangelo-code,102,1999,3056,747378,21242
all,archer-armstrong-vol-1-the-michelangelo-code,103,1999,3056,663346,20556
all,archer-armstrong-vol-1-the-michelangelo-code,104,1999,3056,547094,16602
all,archer-armstrong-vol-1-the-michelangelo-code,105,1999,3056,1178530,23468
all,archer-armstrong-vol-1-the-michelangelo-code,106,1999,3056,977948,25392
all,archer-armstrong-vol-1-the-michelangelo-code,107,1999,3056,810440,19754
all,archer-armstrong-vol-1-the-michelangelo-code,108,1999,3056,799724,19824
all,archer-armstrong-vol-1-the-michelangelo-code,109,1999,3056,787864,19368
all,archer-armstrong-vol-1-the-michelangelo-code,110,1999,3056,737752,19282
all,archer-armstrong-vol-1-the-michelangelo-code,111,1995,3050,817236,23952
all,harbinger-vol-1-omega-rising,1,1999,3056,952432,27676
all,harbinger-vol-1-omega-rising,2,1999,3056,799528,24256
all,harbinger-vol-1-omega-rising,3,1999,3056,72844,3746
all,harbinger-vol-1-omega-rising,4,1999,3056,167604,4362
all,harbinger-vol-1-omega-rising,5,1999,3056,243906,6198
all,harbinger-vol-1-omega-rising,6,1999,3056,387398,8424
all,harbinger-vol-1-omega-rising,7,1021,1570,370196,26800
all,harbinger-vol-1-omega-rising,8,997,1533,292846,20474
all,harbinger-vol-1-omega-rising,9,997,1533,410456,28186
all,harbinger-vol-1-omega-rising,10,997,1533,322780,23662
all,harbinger-vol-1-omega-rising,11,997,1533,369206,26870
all,harbinger-vol-1-omega-rising,12,997,1533,318314,23392
all,harbinger-vol-1-omega-rising,13,997,1533,330672,24282
all,harbinger-vol-1-omega-rising,14,997,1533,317086,24524
all,harbinger-vol-1-omega-rising,15,997,1533,279924,19802
all,harbinger-vol-1-omega-rising,16,997,1533,375556,24740
all,harbinger-vol-1-omega-rising,17,997,1533,336196,23056
all,harbinger-vol-1-omega-rising,18,997,1533,251132,21268
all,harbinger-vol-1-omega-rising,19,997,1533,302102,23344
all,harbinger-vol-1-omega-rising,20,997,1533,370186,26960
all,harbinger-vol-1-omega-rising,21,997,1533,344248,24028
all,harbinger-vol-1-omega-rising,22,997,1533,326318,24688
all,harbinger-vol-1-omega-rising,23,997,1533,250894,21834
all,harbinger-vol-1-omega-rising,24,997,1533,238368,16840
all,harbinger-vol-1-omega-rising,25,997,1533,255660,18744
all,harbinger-vol-1-omega-rising,26,997,1533,240482,18170
all,harbinger-vol-1-omega-rising,27,997,1533,347596,24576
all,harbinger-vol-1-omega-rising,28,997,1533,388152,28168
all,harbinger-vol-1-omega-rising,29,997,1533,307030,23018
all,harbinger-vol-1-omega-rising,30,997,1533,290910,23346
all,harbinger-vol-1-omega-rising,31,997,1533,257860,19164
all,harbinger-vol-1-omega-rising,32,997,1533,286590,20336
all,harbinger-vol-1-omega-rising,33,1999,3056,59742,4378
all,harbinger-vol-1-omega-rising,34,1999,3056,645882,21890
all,harbinger-vol-1-omega-rising,35,1999,3056,778214,23180
all,harbinger-vol-1-omega-rising,36,1999,3056,652524,21118
all,harbinger-vol-1-omega-rising,37,1033,1590,259468,22558
all,harbinger-vol-1-omega-rising,38,209,320,19814,14912
all,harbinger-vol-1-omega-rising,39,997,1533,284550,22798
all,harbinger-vol-1-omega-rising,40,997,1533,283906,21546
all,harbinger-vol-1-omega-rising,41,997,1533,255602,18288
all,harbinger-vol-1-omega-rising,42,997,1533,277560,21692
all,harbinger-vol-1-omega-rising,43,997,1533,242366,17802
all,harbinger-vol-1-omega-rising,44,997,1533,230426,17518
all,harbinger-vol-1-omega-rising,45,997,1533,285278,21466
all,harbinger-vol-1-omega-rising,46,997,1533,328686,22744
all,harbinger-vol-1-omega-rising,47,997,1533,313470,25270
all,harbinger-vol-1-omega-rising,48,997,1533,296002,23494
all,harbinger-vol-1-omega-rising,49,997,1533,293372,22828
all,harbinger-vol-1-omega-rising,50,997,1533,289348,20852
all,harbinger-vol-1-omega-rising,51,997,1533,235066,19036
all,harbinger-vol-1-omega-rising,52,997,1533,354946,24748
all,harbinger-vol-1-omega-rising,53,997,1533,237144,18254
all,harbinger-vol-1-omega-rising,54,997,1533,274912,21562
all,harbinger-vol-1-omega-rising,55,997,1533,320374,22098
all,harbinger-vol-1-omega-rising,56,997,1533,297228,20448
all,harbinger-vol-1-omega-rising,57,997,1533,297000,22646
all,harbinger-vol-1-omega-rising,58,997,1533,286742,23742
all,harbinger-vol-1-omega-rising,59,997,1533,250244,20684
all,harbinger-vol-1-omega-rising,60,997,1533,245598,20526
all,harbinger-vol-1-omega-rising,61,1999,3056,649148,19374
all,harbinger-vol-1-omega-rising,62,1999,3056,721370,22004
all,harbinger-vol-1-omega-rising,63,1999,3056,814480,14792
all,harbinger-vol-1-omega-rising,64,1999,3056,791138,15604
all,harbinger-vol-1-omega-rising,65,1019,1560,228438,17974
all,harbinger-vol-1-omega-rising,66,514,790,71902,15400
all,harbinger-vol-1-omega-rising,67,997,1533,268880,20578
all,harbinger-vol-1-omega-rising,68,997,1533,305014,23308
all,harbinger-vol-1-omega-rising,69,997,1533,241840,19916
all,harbinger-vol-1-omega-rising,70,997,1533,272298,21086
all,harbinger-vol-1-omega-rising,71,997,1533,327666,22684
all,harbinger-vol-1-omega-rising,72,997,1533,258362,19176
all,harbinger-vol-1-omega-rising,73,997,1532,369038,23690
all,harbinger-vol-1-omega-rising,74,997,1533,199300,16972
all,harbinger-vol-1-omega-rising,75,997,1533,288514,22918
all,harbinger-vol-1-omega-rising,76,997,1533,312746,22894
all,harbinger-vol-1-omega-rising,77,997,1533,286854,23368
all,harbinger-vol-1-omega-rising,78,997,1533,347042,25296
all,harbinger-vol-1-omega-rising,79,997,1533,310904,22960
all,harbinger-vol-1-omega-rising,80,1007,1548,395636,27596
all,harbinger-vol-1-omega-rising,81,974,1497,319252,22736
all,harbinger-vol-1-omega-rising,82,997,1533,301934,22736
all,harbinger-vol-1-omega-rising,83,997,1533,279574,21582
all,harbinger-vol-1-omega-rising,84,997,1533,281264,23418
all,harbinger-vol-1-omega-rising,85,997,1533,271972,21672
all,harbinger-vol-1-omega-rising,86,997,1533,297918,23490
all,harbinger-vol-1-omega-rising,87,997,1533,307972,24682
all,harbinger-vol-1-omega-rising,88,997,1533,325892,23664
all,harbinger-vol-1-omega-rising,89,1999,3056,53930,4360
all,harbinger-vol-1-omega-rising,90,1999,3056,539806,17460
all,harbinger-vol-1-omega-rising,91,1997,3054,647538,19688
all,harbinger-vol-1-omega-rising,92,1999,3056,384816,15886
all,harbinger-vol-1-omega-rising,93,813,1250,253358,26902
all,harbinger-vol-1-omega-rising,94,519,797,89242,18490
all,harbinger-vol-1-omega-rising,95,1009,1551,373878,26456
all,harbinger-vol-1-omega-rising,96,995,1529,289244,22772
all,harbinger-vol-1-omega-rising,97,992,1526,337000,22802
all,harbinger-vol-1-omega-rising,98,992,1524,229382,18308
all,harbinger-vol-1-omega-rising,99,992,1526,360426,23426
all,harbinger-vol-1-omega-rising,100,1022,1571,250082,18888
all,harbinger-vol-1-omega-rising,101,991,1523,289012,23550
all,harbinger-vol-1-omega-rising,102,991,1523,288720,21636
all,harbinger-vol-1-omega-rising,103,990,1521,320400,24342
all,harbinger-vol-1-omega-rising,104,992,1525,334842,23092
all,harbinger-vol-1-omega-rising,105,1022,1571,263930,20356
all,harbinger-vol-1-omega-rising,106,991,1523,274342,20914
all,harbinger-vol-1-omega-rising,107,996,1533,310984,21688
all,harbinger-vol-1-omega-rising,108,991,1523,321766,25186
all,harbinger-vol-1-omega-rising,109,994,1528,287950,21664
all,harbinger-vol-1-omega-rising,110,995,1530,253280,19790
all,harbinger-vol-1-omega-rising,111,995,1529,353682,23516
all,harbinger-vol-1-omega-rising,112,994,1527,296902,19718
all,harbinger-vol-1-omega-rising,113,991,1523,283346,18936
all,harbinger-vol-1-omega-rising,114,987,1517,245158,16732
all,harbinger-vol-1-omega-rising,115,990,1522,300522,23262
all,harbinger-vol-1-omega-rising,116,992,1524,355180,25806
all,harbinger-vol-1-omega-rising,117,1999,3056,53932,4530
all,harbinger-vol-1-omega-rising,118,1999,3056,443294,14272
all,harbinger-vol-1-omega-rising,119,1999,3056,553946,19350
all,harbinger-vol-1-omega-rising,120,1999,3056,499094,18522
all,harbinger-vol-1-omega-rising,121,1999,3056,557034,16744
all,harbinger-vol-1-omega-rising,122,950,1460,157062,14772
all,harbinger-vol-1-omega-rising,123,515,791,80258,16702
all,harbinger-vol-1-omega-rising,124,997,1533,303498,22642
all,harbinger-vol-1-omega-rising,125,997,1533,336350,26166
all,harbinger-vol-1-omega-rising,126,997,1533,359082,26360
all,harbinger-vol-1-omega-rising,127,997,1533,370936,25892
all,harbinger-vol-1-omega-rising,128,997,1533,332506,24174
all,harbinger-vol-1-omega-rising,129,997,1533,320484,25062
all,harbinger-vol-1-omega-rising,130,997,1533,387294,26560
all,harbinger-vol-1-omega-rising,131,997,1533,361110,25718
all,harbinger-vol-1-omega-rising,132,940,1444,270272,21038
all,harbinger-vol-1-omega-rising,133,978,1504,265426,21034
all,harbinger-vol-1-omega-rising,134,997,1533,393320,27918
all,harbinger-vol-1-omega-rising,135,997,1533,329810,24304
all,harbinger-vol-1-omega-rising,136,998,1534,351588,24868
all,harbinger-vol-1-omega-rising,137,998,1535,292354,23078
all,harbinger-vol-1-omega-rising,138,998,1534,245156,20714
all,harbinger-vol-1-omega-rising,139,998,1535,251102,19824
all,harbinger-vol-1-omega-rising,140,997,1533,357584,24682
all,harbinger-vol-1-omega-rising,141,1993,1533,628650,30454
all,harbinger-vol-1-omega-rising,142,950,1460,340518,22580
all,harbinger-vol-1-omega-rising,143,997,1533,338368,23962
all,harbinger-vol-1-omega-rising,144,975,1498,283608,19858
all,harbinger-vol-1-omega-rising,145,1999,3056,53932,4530
all,harbinger-vol-1-omega-rising,146,1999,3056,671022,20856
all,harbinger-vol-1-omega-rising,147,1999,3056,857190,24080
all,harbinger-vol-1-omega-rising,148,1999,3056,673164,21482
all,harbinger-vol-1-omega-rising,149,1999,3056,953338,25034
all,quantum-and-woody-vol-1-the-worlds-worst-superhero-team,1,1999,3056,710424,19850
all,quantum-and-woody-vol-1-the-worlds-worst-superhero-team,2,1999,3056,132938,5462
all,quantum-and-woody-vol-1-the-worlds-worst-superhero-team,3,1999,3056,284096,6310
all,quantum-and-woody-vol-1-the-worlds-worst-superhero-team,4,1999,3056,326438,7708
all,quantum-and-woody-vol-1-the-worlds-worst-superhero-team,5,1999,3056,392082,8520
all,quantum-and-woody-vol-1-the-worlds-worst-superhero-team,6,997,1533,238578,20430
all,quantum-and-woody-vol-1-the-worlds-worst-superhero-team,7,1999,3056,807162,18382
all,quantum-and-woody-vol-1-the-worlds-worst-superhero-team,8,997,1533,383290,28536
all,quantum-and-woody-vol-1-the-worlds-worst-superhero-team,9,997,1533,459232,29452
all,quantum-and-woody-vol-1-the-worlds-worst-superhero-team,10,997,1533,287686,22868
all,quantum-and-woody-vol-1-the-worlds-worst-superhero-team,11,997,1533,242318,19210
all,quantum-and-woody-vol-1-the-worlds-worst-superhero-team,12,997,1533,287526,22830
all,quantum-and-woody-vol-1-the-worlds-worst-superhero-team,13,997,1533,287258,23956
all,quantum-and-woody-vol-1-the-worlds-worst-superhero-team,14,997,1533,350154,28020
all,quantum-and-woody-vol-1-the-worlds-worst-superhero-team,15,997,1533,404380,30514
all,quantum-and-woody-vol-1-the-worlds-worst-superhero-team,16,997,1533,408004,31012
all,quantum-and-woody-vol-1-the-worlds-worst-superhero-team,17,997,1533,332720,25542
all,quantum-and-woody-vol-1-the-worlds-worst-superhero-team,18,997,1533,287136,23418
all,quantum-and-woody-vol-1-the-worlds-worst-superhero-team,19,997,1533,302510,23582
all,quantum-and-woody-vol-1-the-worlds-worst-superhero-team,20,997,1533,293494,23658
all,quantum-and-woody-vol-1-the-worlds-worst-superhero-team,21,997,1533,321088,24904
all,quantum-and-woody-vol-1-the-worlds-worst-superhero-team,22,997,1533,260364,20416
all,quantum-and-woody-vol-1-the-worlds-worst-superhero-team,23,997,1533,296088,22730
all,quantum-and-woody-vol-1-the-worlds-worst-superhero-team,24,997,1533,211340,17702
all,quantum-and-woody-vol-1-the-worlds-worst-superhero-team,25,997,1533,254282,20084
all,quantum-and-woody-vol-1-the-worlds-worst-superhero-team,26,997,1533,296844,21956
all,quantum-and-woody-vol-1-the-worlds-worst-superhero-team,27,997,1533,371586,28990
all,quantum-and-woody-vol-1-the-worlds-worst-superhero-team,28,997,1533,332752,26868
all,quantum-and-woody-vol-1-the-worlds-worst-superhero-team,29,997,1533,314572,23256
all,quantum-and-woody-vol-1-the-worlds-worst-superhero-team,30,997,1533,230040,16502
all,quantum-and-woody-vol-1-the-worlds-worst-superhero-team,31,997,1533,254032,19538
all,quantum-and-woody-vol-1-the-worlds-worst-superhero-team,32,997,1533,284460,24730
all,quantum-and-woody-vol-1-the-worlds-worst-superhero-team,33,1999,3056,810160,18618
all,quantum-and-woody-vol-1-the-worlds-worst-superhero-team,34,997,1533,283018,20574
all,quantum-and-woody-vol-1-the-worlds-worst-superhero-team,35,997,1533,287714,23524
all,quantum-and-woody-vol-1-the-worlds-worst-superhero-team,36,997,1533,381688,27546
all,quantum-and-woody-vol-1-the-worlds-worst-superhero-team,37,997,1533,401514,29268
all,quantum-and-woody-vol-1-the-worlds-worst-superhero-team,38,997,1533,367376,27548
all,quantum-and-woody-vol-1-the-worlds-worst-superhero-team,39,997,1533,381580,28154
all,quantum-and-woody-vol-1-the-worlds-worst-superhero-team,40,995,1529,310182,23950
all,quantum-and-woody-vol-1-the-worlds-worst-superhero-team,41,997,1533,282630,23164
all,quantum-and-woody-vol-1-the-worlds-worst-superhero-team,42,997,1533,382434,29348
all,quantum-and-woody-vol-1-the-worlds-worst-superhero-team,43,997,1532,269276,20350
all,quantum-and-woody-vol-1-the-worlds-worst-superhero-team,44,991,1525,349014,26594
all,quantum-and-woody-vol-1-the-worlds-worst-superhero-team,45,997,1533,297194,21312
all,quantum-and-woody-vol-1-the-worlds-worst-superhero-team,46,997,1533,234854,18008
all,quantum-and-woody-vol-1-the-worlds-worst-superhero-team,47,992,1524,302038,23786
all,quantum-and-woody-vol-1-the-worlds-worst-superhero-team,48,994,1528,434756,30386
all,quantum-and-woody-vol-1-the-worlds-worst-superhero-team,49,991,1525,349860,26976
all,quantum-and-woody-vol-1-the-worlds-worst-superhero-team,50,997,1532,383038,28546
all,quantum-and-woody-vol-1-the-worlds-worst-superhero-team,51,994,1528,388150,29050
all,quantum-and-woody-vol-1-the-worlds-worst-superhero-team,52,995,1530,405014,30814
all,quantum-and-woody-vol-1-the-worlds-worst-superhero-team,53,995,1529,372702,29018
all,quantum-and-woody-vol-1-the-worlds-worst-superhero-team,54,997,1533,389904,28794
all,quantum-and-woody-vol-1-the-worlds-worst-superhero-team,55,997,1533,428476,31076
all,quantum-and-woody-vol-1-the-worlds-worst-superhero-team,56,997,1532,444230,32444
all,quantum-and-woody-vol-1-the-worlds-worst-superhero-team,57,995,1529,458312,31752
all,quantum-and-woody-vol-1-the-worlds-worst-superhero-team,58,997,1533,204674,19412
all,quantum-and-woody-vol-1-the-worlds-worst-superhero-team,59,1999,3056,811604,18120
all,quantum-and-woody-vol-1-the-worlds-worst-superhero-team,60,997,1533,386524,27264
all,quantum-and-woody-vol-1-the-worlds-worst-superhero-team,61,997,1533,419112,30610
all,quantum-and-woody-vol-1-the-worlds-worst-superhero-team,62,997,1533,349600,26276
all,quantum-and-woody-vol-1-the-worlds-worst-superhero-team,63,997,1533,424906,30416
all,quantum-and-woody-vol-1-the-worlds-worst-superhero-team,64,997,1533,303086,22916
all,quantum-and-woody-vol-1-the-worlds-worst-superhero-team,65,997,1533,383392,27236
all,quantum-and-woody-vol-1-the-worlds-worst-superhero-team,66,997,1533,429508,32290
all,quantum-and-woody-vol-1-the-worlds-worst-superhero-team,67,997,1533,285148,22768
all,quantum-and-woody-vol-1-the-worlds-worst-superhero-team,68,997,1533,352446,25710
all,quantum-and-woody-vol-1-the-worlds-worst-superhero-team,69,997,1533,324086,24928
all,quantum-and-woody-vol-1-the-worlds-worst-superhero-team,70,998,1534,313240,25680
all,quantum-and-woody-vol-1-the-worlds-worst-superhero-team,71,998,1534,378144,28756
all,quantum-and-woody-vol-1-the-worlds-worst-superhero-team,72,998,1534,387336,28340
all,quantum-and-woody-vol-1-the-worlds-worst-superhero-team,73,998,1535,214680,17122
all,quantum-and-woody-vol-1-the-worlds-worst-superhero-team,74,998,1535,292050,23276
all,quantum-and-woody-vol-1-the-worlds-worst-superhero-team,75,998,1535,298220,23054
all,quantum-and-woody-vol-1-the-worlds-worst-superhero-team,76,997,1532,331308,25240
all,quantum-and-woody-vol-1-the-worlds-worst-superhero-team,77,997,1532,364728,27050
all,quantum-and-woody-vol-1-the-worlds-worst-superhero-team,78,997,1533,283062,21996
all,quantum-and-woody-vol-1-the-worlds-worst-superhero-team,79,997,1533,425272,31810
all,quantum-and-woody-vol-1-the-worlds-worst-superhero-team,80,997,1532,302524,22418
all,quantum-and-woody-vol-1-the-worlds-worst-superhero-team,81,997,1532,318012,22720
all,quantum-and-woody-vol-1-the-worlds-worst-superhero-team,82,998,1534,262800,22564
all,quantum-and-woody-vol-1-the-worlds-worst-superhero-team,83,1999,3056,808160,18628
all,quantum-and-woody-vol-1-the-worlds-worst-superhero-team,84,997,1533,256284,18974
all,quantum-and-woody-vol-1-the-worlds-worst-superhero-team,85,997,1533,255264,21402
all,quantum-and-woody-vol-1-the-worlds-worst-superhero-team,86,997,1533,410798,30316
all,quantum-and-woody-vol-1-the-worlds-worst-superhero-team,87,997,1533,399856,25782
all,quantum-and-woody-vol-1-the-worlds-worst-superhero-team,88,997,1533,397894,27934
all,quantum-and-woody-vol-1-the-worlds-worst-superhero-team,89,997,1533,354972,27234
all,quantum-and-woody-vol-1-the-worlds-worst-superhero-team,90,997,1533,449484,30776
all,quantum-and-woody-vol-1-the-worlds-worst-superhero-team,91,997,1533,337746,25458
all,quantum-and-woody-vol-1-the-worlds-worst-superhero-team,92,997,1533,375240,28484
all,quantum-and-woody-vol-1-the-worlds-worst-superhero-team,93,997,1533,356896,28294
all,quantum-and-woody-vol-1-the-worlds-worst-superhero-team,94,997,1533,293088,24576
all,quantum-and-woody-vol-1-the-worlds-worst-superhero-team,95,997,1533,374810,27326
all,quantum-and-woody-vol-1-the-worlds-worst-superhero-team,96,997,1533,334806,25768
all,quantum-and-woody-vol-1-the-worlds-worst-superhero-team,97,997,1533,415230,31408
all,quantum-and-woody-vol-1-the-worlds-worst-superhero-team,98,997,1533,367018,28006
all,quantum-and-woody-vol-1-the-worlds-worst-superhero-team,99,997,1533,416660,31512
all,quantum-and-woody-vol-1-the-worlds-worst-superhero-team,100,997,1533,416718,30772
all,quantum-and-woody-vol-1-the-worlds-worst-superhero-team,101,997,1533,339784,25364
all,quantum-and-woody-vol-1-the-worlds-worst-superhero-team,102,997,1533,340376,26046
all,quantum-and-woody-vol-1-the-worlds-worst-superhero-team,103,997,1533,231268,18962
all,quantum-and-woody-vol-1-the-worlds-worst-superhero-team,104,997,1533,305646,23920
all,quantum-and-woody-vol-1-the-worlds-worst-superhero-team,105,997,1533,245366,19540
all,quantum-and-woody-vol-1-the-worlds-worst-superhero-team,106,1999,3056,325014,15590
all,quantum-and-woody-vol-1-the-worlds-worst-superhero-team,107,1999,3056,547876,14450
all,quantum-and-woody-vol-1-the-worlds-worst-superhero-team,108,1999,3056,1082890,17228
all,quantum-and-woody-vol-1-the-worlds-worst-superhero-team,109,1999,3056,610620,17006
all,quantum-and-woody-vol-1-the-worlds-worst-superhero-team,110,1999,3056,741990,22652
all,quantum-and-woody-vol-1-the-worlds-worst-superhero-team,111,1999,3056,737284,18034
all,quantum-and-woody-vol-1-the-worlds-worst-superhero-team,112,1999,3056,1051644,34424
all,quantum-and-woody-vol-1-the-worlds-worst-superhero-team,113,1999,3056,873216,30860
all,quantum-and-woody-vol-1-the-worlds-worst-superhero-team,114,1999,3056,1671206,29186
all,quantum-and-woody-vol-1-the-worlds-worst-superhero-team,115,1999,3056,258820,18434
all,quantum-and-woody-vol-1-the-worlds-worst-superhero-team,116,1999,3056,1208280,26764
all,quantum-and-woody-vol-1-the-worlds-worst-superhero-team,117,1999,3056,1155518,27278
all,quantum-and-woody-vol-1-the-worlds-worst-superhero-team,118,1999,3056,1243350,28110
all,quantum-and-woody-vol-1-the-worlds-worst-superhero-team,119,1999,3056,1027236,29958
all,quantum-and-woody-vol-1-the-worlds-worst-superhero-team,120,1999,3056,1058104,29120
all,quantum-and-woody-vol-1-the-worlds-worst-superhero-team,121,1999,3056,901322,28664
all,quantum-and-woody-vol-1-the-worlds-worst-superhero-team,122,1999,3056,1015332,31402
all,quantum-and-woody-vol-1-the-worlds-worst-superhero-team,123,1999,3056,1231802,35978
all,quantum-and-woody-vol-1-the-worlds-worst-superhero-team,124,1999,3056,1131918,34992
all,quantum-and-woody-vol-1-the-worlds-worst-superhero-team,125,1999,3056,665774,22388
all,quantum-and-woody-vol-1-the-worlds-worst-superhero-team,126,1999,3056,942252,23100
all,quantum-and-woody-vol-1-the-worlds-worst-superhero-team,127,1999,3056,963306,21028
all,quantum-and-woody-vol-1-the-worlds-worst-superhero-team,128,1999,3056,675878,19520
all,quantum-and-woody-vol-1-the-worlds-worst-superhero-team,129,1999,3056,823730,23998
